{
    "IsEncrypted": false,
  "Values": {
    "AzureWebJobsStorage": "DefaultEndpointsProtocol=https;AccountName=meghastorageaccount;AccountKey=PL7HTOJPqA5Gm1Q9loNEOoqAa9WhspFQR4/zUFtqhCJMpAIqgxhOONV0tC9Kf7KY5H74qS826w3tvqdJoI4IMQ==;EndpointSuffix=core.windows.net",
    "FUNCTIONS_WORKER_RUNTIME": "dotnet",
    "Storage_Connection": "DefaultEndpointsProtocol=https;AccountName=meghastorageaccount;AccountKey=PL7HTOJPqA5Gm1Q9loNEOoqAa9WhspFQR4/zUFtqhCJMpAIqgxhOONV0tC9Kf7KY5H74qS826w3tvqdJoI4IMQ==;EndpointSuffix=core.windows.net"
  }
}